{"cameraMode":{"drawMode":0,"name":"Shaded","section":"Shading Mode"},"sceneLighting":false,"audioPlay":false,"sceneViewState":{"showFog":true,"showMaterialUpdate":false,"showSkybox":true,"showFlares":true,"showImageEffects":true,"showParticleSystems":true},"in2DMode":false,"pivot":{"x":0.7294941544532776,"y":-0.8789591789245606,"z":-4.786529064178467},"rotation":{"x":0.014099285006523133,"y":0.9819861650466919,"z":-0.169890359044075,"w":0.0814967080950737},"size":6.343558311462402,"orthographic":false}